insert into 회원 values ( 'jiwon1203','강지원','010-3684-5920','2752625!','jiwon1203@naver.com','인천광역시 미추홀구 용현동 인하대 하이테크 232');
insert into 회원 values ( 'soohokim','김수호','010-6472-8234','soo918ho!','soohokim@gmail.com','서울특별시 강남구 롯데캐슬 101-303');
insert into 회원 values ( 'hjchoi','최호진','010-9891-4712','2tu9qn8@','hjchoi@yahoo.co.kr','인천광역시 연수구 송도동 자이하버뷰 102-501');
insert into 회원 values ( 'chanchanchan','진경찬','010-4476-5912','a15zu*52','chanchanchan@daum.net','서울특별시 종로구 숭인동 센트레빌 101-1102' );
insert into 회원 values ( 'junho0321','송준호','010-8890-9894','6812!udon','junho0321@inha.ac.kr','안산시 상록구 화랑로 푸르지오 10-202');
insert into 회원 values ( 'ahn0930','안지형','010-5243-8784','jh890930!','ahn0930@naver.com','수원시 장안구 이목로24 스카이뷰아파트 2-2303');
insert into 회원 values ( 'seungggyu','김승규','010-2980-1439','seung0213*!','seungggyu@naver.com','부산광역시 해운대구 우3동 두산위브더제니스 2-303');
insert into 회원 values ( 'kimjinho0221','김진호','010-6821-2390','i2139ho!','kimjinho0221@gmail.com','서울특별시 강서구 강서로348 힐스테이트 3-404');
insert into 회원 values ( 'zyon0615','박시온','010-3892-4475','parkon1203*','zyon0615@comento.kr','부산광역시 연제구 연산8동 더샵파크시티 4-703');
insert into 회원 values ( 'namgoong55','남궁진','010-1389-7632','je1005ennam','namgoong55@inha.ac.kr','인천광역시 연수구 송도동 센트럴파크 201-602');
insert into 회원 values ( 'hyunjung1228','박현정','010-4732-4876','hyun0724)','hyunjung1228@yahoo.co.kr','대전광역시 서구 관저1동 주공2단지아파트 205-1908');
insert into 회원 values ( 'gong0412','공민석','010-2231-9945','0i1ymyh7','gong0412@mma.go.kr','인천광역시 연수구 연수동 동남아파트 5-603');
insert into 회원 values ( 'jeongwoo12','최정우','010-4569-5872','5292too6%','jeongwoo12@naver.com','인천광역시 미추홀구 용현동 인하대 5호관 232');
insert into 회원 values ( 'seongeun1212','이성은','010-5761-3691','8k953qyf','seongeun1212@musinsa.com','대구광역시 달서구 진천동 코오롱하늘채아파트 7-2435');
insert into 회원 values ( 'gyubgyub','이규빈','010-8432-9436','r4bcgnr@','gyubgyub@nate.com','서울특별시 양천구 목동 하이페리온 4-902' );
insert into 회원 values ( 'bigsilver1231','최대은','010-5698-1008','eodms0913','bigsilver1231@nate.com','대전광역시 동구 대동 대신새들뫼휴먼시아 137-527');
insert into 회원 values ( 'simddong309','심동혁','010-0043-2401','09ehdgur*','simddong309@gamil.com','부산광역시 수영구 남천2동 삼익비치타운 104-809');
insert into 회원 values ( 'yoon1208','한승윤','010-3208-1902','s7tmddbs19','yoon1208@naver.com','서울특별시 구로구 항동 하버라인 10-1004' );
insert into 회원 values ( 'innovation08','황인호','010-5924-9281','hwang211!','innovation08@nate.com','대구광역시 수성구 범어2동 두산위브더제니스 8-1204');
insert into 회원 values ( 'jaeseong0812','유재성','010-6821-9042','yjs850312','jaeseong0812@daum.net','인천광역시 계양구 효성2동 하나아파트 4-1203');
insert into 회원 values ( 'young0907','전준영','010-1043-3131','q446srh1','young0907@lycos.co.kr','대전광역시 유성구 열매마을새미래 8-2204');
insert into 회원 values ( 'hanuq9202','김한욱','010-8975-3573','689xs5eg','hanuq9202@comento.kr','대구광역시 동구 진암2동 신천자이아파트 11-2606');
insert into 회원 values ( 'allzero00','박다영','010-4981-9012','parkyoung92','allzero00@zum.com','인천광역시 부평구 부평동 동아아파트 101-102');
insert into 회원 values ( 'saeyoung0212','이세영','010-7964-0891','70q93ch!','saeyoung0212@bing.com','인천광역시 미추홀구 용현동 인하대 2호관 232');
insert into 회원 values ( 'ujinkimm','김유진','010-6228-4817','3e5xah80','ujinkimm@kakao.com','대전광역시 대덕구 노은동 선비마을5단지 1-603');
insert into 회원 values ( 'jeonmean','권정민','010-7813-3196','myn0031qw','jeonmean@line.com','서울특별시 금천구 시흥대로 롯대캐슬골드파크 5-2201' );
insert into 회원 values ( 'westhyukjin','서혁진','010-9801-4182','hyeok07+','westhyukjin@gmail.com','대구광역시 북구 동천동 화성센트럴파크 15-1404');
insert into 회원 values ( 'jinseong','박진성','010-8021-9412','x3bmb27r','jinseong@inha.ac.kr','인천광역시 남구 구월동 현대아파트 8-1401');
insert into 회원 values ( 'kyungmin1213','강경민','010-8890-4802','e64eo08!','kyungmin1213@nate.com','광명시 철산4동 광명브라운스톤 207-1001');
insert into 회원 values ( 'keytigerkim','김기범','010-4662-2187','key0141!*','keytigerkim@daum.net','서울특별시 관악구 은천로 93 푸르지오 3-1322' );
insert into 회원 values ( 'mushroomchoi','최송이','010-2910-9801','in92624n','mushroomchoi@zum.com','울산광역시 남구 신정동 보메르아파트 6-914');
insert into 회원 values ( 'southsuhyun','남수현','010-9923-3828','x86t031b%','southsuhyun@naver.com','인천광역시 서구 청라2동 호반베르디움 6-1603');
insert into 회원 values ( 'seongjae9102','김성재','010-2955-0953','1460m9876*','seongjae9102@naver.com','이천시 중포동 이천설봉스위첸아파트 201-608');
insert into 회원 values ( 'waitingpark','박대기','010-7421-8912','d25xh7b4','waitingpark@gmail.com','서울특별시 서초구 신반포로15길 대림아크로리버파크 9-101' );
insert into 회원 values ( 'newspring12','이새봄','010-2349-2102','66ei4obp','newspring12@daum.net','광주광역시 남구 봉선2동 포스코더샵아파트 107-706');
insert into 회원 values ( 'dragonjean','권용진','010-1109-8280','vx97sdf21','dragonjean@inha.ac.kr','부산광역시 금정구 장전3동 래미안장전아파트 7-405');
insert into 회원 values ( 'kihyeon0506','김기현 ','010-5519-9405','4p8e0oqh','kihyeon0506@inha.ac.kr','서울특별시 송파구 송하대로 111 송파파크하비오 5-606' );
insert into 회원 values ( 'tunalee0817','이동원','010-5891-2391','3du9rtr8','tunalee0817@daum.net','광명시 하안3동 하안주공 13-1303');
insert into 회원 values ( 'yang890212','양명철','010-3010-2220','46865w0!','yang890212@gmail.com','인천광역시 남동구 구월3동 빌라인아파트 7-1501');
insert into 회원 values ( 'minsooo30','박민수','010-0021-9801','jb210q7*','minsooo30@comento.co.kr','이천시 고담동 선경아파트 9-1309');
insert into 회원 values ( 'sangmoney','배상돈','010-4318-6887','ja2085vy','sangmoney@lycos.co.kr','서울특별시 강동구 고덕로210 삼익그린 2-101' );
insert into 회원 values ( 'taehoony','서태훈','010-3201-2712','8v42fe12','taehoony@abs.com','수원시 영통구 매탄동 매탄위브하늘채 103-1305');
insert into 회원 values ( 'myeongjae','홍명재','010-3900-4901','cmt8932u','myeongjae@kakao.com','인천광역시 미추홀구 용현동 sk스카이뷰 3-303');
insert into 회원 values ( 'sehyun100','백세현','010-9506-8615','h1gusn14*','sehyun100@mma.co.kr','부산광역시 사하구 다대1동 다대대우아파트 606-1552');
insert into 회원 values ( 'soheeahn','안소희','010-2232-2400','1iut96h!','soheeahn@bizn.co.kr','울산광역시 중구 유곡동 우정혁신도시동원로얄듀크 215-3303');
insert into 회원 values ( 'woooohyun','정우현','010-3910-1102','6v0imt4e','woooohyun@bizn.co.kr','서울특별시 광진구 자양동 현대프라임 5-629' );
insert into 회원 values ( 'mooney1221','문인영','010-3221-2103','29xuf8au','mooney1221@naver.com','수원시 장안구 정자동 동양고속성지 7-809');
insert into 회원 values ( 'jjoosseong0901','임주성','010-9217-6335','0xl818w9','jjoosseong0901@apple.com','용인시 처인구 역북동 골드클래스용인 305-209');
insert into 회원 values ( 'jihyunchoi17','최지현','010-2017-2018','w2ut59c!','jihyunchoi17@nate.com','의정부시 민락동 호반베르디움1차 211-1108');
insert into 회원 values ( 'placejeong131','장소정','010-3991-9011','502hd1j2','placejeong131@daum.net','인천광역시 연수구 송도동 푸르지오하버뷰 301-1702');
insert into 회원 values ( 'shin0304','신한솔','010-4127-2673','2bsepkh21','shin0304@daum.net','서울특별시 성동구 황학동 뉴타운센트라스 4-702' );
insert into 회원 values ( 'jeongdragon','한정용','010-8824-8910','4p150ds21','jeongdragon@naver.com','광주광역시 광산구 월곡1동 운남삼성 4-401');
insert into 회원 values ( 'hyojeong0211','권효정','010-4475-4812','khj910211!','hyojeong0211@daum.net','용인시 기흥구 서촌동 서천센트럴파크원 706-1710');
insert into 회원 values ( 'skychoi02','최하늘','010-0120-2001','59812sky','skychoi02@gmail.com','인천광역시 연수구 선학동 성지아파트 3-107');
insert into 회원 values ( 'konok0510','정건옥','010-3500-1091','7h3sipi!','konok0510@gmail.com','울산광역시 북구 매곡동 월드메리디앙월드시티 1-701');
insert into 회원 values ( 'zicopark09','박지호','010-9902-7987','3roz2e1b','zicopark09@bizn.co.kr','서울특별시 용산구 한남동 한남더힐아파트 1-111' );
insert into 회원 values ( 'yumi0716','김유미','010-3910-2010','f256mses!','yumi0716@naver.com','포천시 송우리 725-6 송천마을주공2단지 203-402');
insert into 회원 values ( 'bobbyyou','유바비','010-3001-1601','i069sdkm*','bobbyyou@daum.net','인천광역시 서구 가정동 루원시티프라디움 6-2208');
insert into 회원 values ( 'woongnine','구웅','010-5112-9083','3ekn655$','woongnine@nate.com','용인시 수지구 신본동 신봉자이3차 306-2803');
insert into 회원 values ( 'saeroan2008','김새론','010-8906-3100','0z91m%$#','saeroan2008@zum.com','인천광역시 부평구 부평동 삼산지구엠코타운 404-2301');
insert into 회원 values ( 'jaeikyoo','유재익','010-8487-1301','yooji0912!','jaeikyoo@zum.com','남양주시 다산동 힐스테이트황금산 1-1404');
insert into 회원 values ( 'sangho88','이상호','010-1302-1100','shgo1251!','sangho88@bing.com','서울특별시 영등포구 여의동 삼부아파트 7-207' );
insert into 회원 values ( 'se9in','오세인','010-1001-5691','qwer1234!@','se9in@bing.com','인천광역시 연수구 동춘동 건양아파트 501-306');
insert into 회원 values ( 'jinstone0901','방진석','010-1136-8862','js090192#$','jinstone0901@bing.com','의정부시 금오동 현대아이파크 406-909');
insert into 회원 values ( '4seungho','사승호','010-5413-6516','0asd0981!','4seungho@naver.com','울산광역시 남구 달동 삼성아파트 7-508');
insert into 회원 values ( 'hyungdoshin','신형도','010-5619-8443','hds12401!','hyungdoshin@aladin.co.kr','광주광역시 광산구 월곡2동 수완중홍S클래스 1-1306');
insert into 회원 values ( 'hyunoo5','오현우','010-5422-3900','28lw6emd*','hyunoo5@inha.ac.kr','김포시 장기동 김포한강중흥s클래스리버티 2-113');
insert into 회원 values ( 'yousuck31','정유석','010-3007-9303','ysj2341!#','yousuck31@inha.ac.kr','서울특별시 마포구 아현동 마포트라펠리스 1-102' );
insert into 회원 values ( 'kyungeui25','한경의','010-8541-3008','hanki65w!','kyungeui25@inha.ac.kr','안성시 옥산동 아양시티프라디움 8-204');
insert into 회원 values ( 'sorim0910','박소림','010-9776-8249','0910sod@','sorim0910@aladin.co.kr','인천광역시 남동구 서창동 퍼스트뷰 190-2506');
insert into 회원 values ( 'suajeong214','정수아','010-3429-0091','93jilo01!','suajeong214@naver.com','하남시 말월동 미사강변푸르지오 106-1209');
insert into 회원 values ( 'donew512','김동우','010-0919-0012','2v3ussv41!','donew512@naver.com','서울특별시 서대문구 남가좌동 DMC파크뷰자이 101-201' );
insert into 회원 values ( 'sonny888','손강민','010-4481-8102','812ydkna!','sonny888@daum.net','천안시 서북구 두정동 대우1차 1-1102');
insert into 회원 values ( 'joo0919','임현주','010-1209-1223','q7dns5ew!','joo0919@daum.net','인천광역시 미추홀구 주안7동 신동아아파트 109-1904');
insert into 회원 values ( 'jayjeong51','정재호','010-9891-8890','ne18djsn*','jayjeong51@daum.net','과천시 원문동 삼성래미안슈르 301-309');
insert into 회원 values ( 'dannywoo96','우혁준','010-5589-2121','n93us6uas9','dannywoo96@gmail.com','아산시 남성리 840 코아루에듀파크 8-1408');
insert into 회원 values ( '100dh','백동호','010-9090-3911','bud34kjs~','100dh@gmail.com','서울특별시 중구 청구동 한스아파트 6-804' );
insert into 회원 values ( 'joonjeong','정준태','010-8906-4470','xs019sd#!!','joonjeong@daum.net','전주시 덕진구 장동 호반베르디움더클래스 111-2202');
insert into 회원 values ( 'kim1218','김규원','010-7887-1121','dnflwlq1804!','kim1218@naver.com','순천시 조례동 영무예다음아파트 108-507');
insert into 회원 values ( 'parkyeonjun','박연준','010-4000-5912','whdrkd8282!','parkyeonjun@nate.com','천안시 동남구 청당동 벽산블루밍아파트 440-3102');
insert into 회원 values ( 'jeehee89','권지희','010-8072-7800','dnjscb31%!','jeehee89@nate.com','서울특별시 성북구 길음2동 래미안길음센터피스 5-1102' );
insert into 회원 values ( 'minhwiu','유민휘','010-3392-0801','delql@9009!','minhwiu@naver.com','안성시 중리동 안성중리동광아파트 601-605');
insert into 회원 values ( 'gunwoo1213','박건우','010-2408-9545','rjsdn1213!$','gunwoo1213@nate.com','김포시 풍무동 꿈에그린 2-2001');
insert into 회원 values ( 'jaehyunyoon','윤재현','010-3309-2510','124wogus31!','jaehyunyoon@gmail.com','남양주시 다산동 부영e그린타운 2-2404');
insert into 회원 values ( 'dbleedb','이디비','010-4416-5525','elqltlqkf7212^','dbleedb@db.com','서울특별시 강북구 미아동 산일해피트리 2-1702' );
insert into 회원 values ( 'seeun8090','박세은','010-4498-4021','tlqkfelql12','seeun8090@naver.com','포천시 봉수리 730-1 연봉마을영화아이닉스 703-801');
insert into 회원 values ( 'jenny9103','이제니','010-1231-3309','wps9103@#','jenny9103@daum.net','광주광역시 서구 수완동 노블랜드5차아파트 5-901');
insert into 회원 values ( 'superherolee','이영웅','010-4448-9021','duddnd1004#','superherolee@gmail.com','과천시 중앙동 주공아파트 10-1006');
insert into 회원 values ( 'icepark0519','박정통','010-8655-4981','wjdxhd0912!','icepark0519@gmail.com','서울특별시 도봉구 쌍문2동 삼익세라믹 103-244' );

insert into 직원 values ( 323423,'강규혁','010-3017-2440','123456');
insert into 직원 values ( 234123,'강승훈','010-2838-7102','123456');
insert into 직원 values ( 255233,'김승훈','010-3247-6182','123456');
insert into 직원 values ( 156665,'김재용','010-2479-7329','123456');
insert into 직원 values ( 665343,'김재호','010-1249-8528','123456');
insert into 직원 values ( 444632,'박훈배','010-1237-6827','123456');
insert into 직원 values ( 564421,'송원재','010-1287-7362','123456');
insert into 직원 values ( 697543,'신지성','010-4428-7572','123456');
insert into 직원 values ( 232134,'양재준','010-2248-5775','123456');
insert into 직원 values ( 868687,'이병윤','010-2358-9765','123456');
insert into 직원 values ( 231566,'윤여욱','010-2517-6865','123456');
insert into 직원 values ( 848455,'이상철','010-2327-4614','123456');
insert into 직원 values ( 898690,'이승주','010-9878-9797','123456');
insert into 직원 values ( 534123,'이융희','010-2478-7524','123456');
insert into 직원 values ( 787864,'이정우','010-2318-7675','123456');
insert into 직원 values ( 534312,'전가현','010-2357-8674','123456');
insert into 직원 values ( 856543,'조범철','010-2357-6374','123456');
insert into 직원 values ( 896575,'최동희','010-3576-2737','123456');
insert into 직원 values ( 534341,'최영훈','010-4271-2647','123456');
insert into 직원 values ( 222556,'정준연','010-5989-5829','123456');

insert into 문의 values ( 1,'어제 주문했는데 드론 배송 언제되나요?','2012-01-25 14:07:31','hjchoi');
insert into 문의 values ( 2,'배터리는 2년동안 써도 빨리 안 닳나요?','2012-01-26 09:24:49','namgoong55');
insert into 문의 values ( 3,'드론 날개가 부러졌는데 수리 가능한가요?','2012-01-26 20:51:45','hyunjung1228');
insert into 문의 values ( 4,'오픈 시간 마감 시간 어떻게 되나요?','2012-02-20 05:00:17','yoon1208');
insert into 문의 values ( 5,'드론 할인조건이 어떤게 있나요??','2012-02-22 14:20:22','chanchanchan');
insert into 문의 values ( 6,'부품을 사서 조립해주실수 있나요?','2012-09-28 18:39:29','gyubgyub');
insert into 문의 values ( 7,'바쁘신데 수고가 많습니다. 드론 시험 테스트도 해주시나요?','2014-01-24 21:57:53','zyon0615');
insert into 문의 values ( 8,'드론 송수신기 연결이 됬다 안됬다 하는데 확인해야 할까요?','2014-02-25 10:30:57','kimjinho0221');
insert into 문의 values ( 9,'드론 색을 바꾸고 싶은데 여기서 가능할런지요?','2015-01-04 17:33:21','simddong309');
insert into 문의 values ( 10,'새벽에 드론을 주문하면 언제 발송해 주시나요?','2015-01-31 03:54:09','jaeseong0812');
insert into 문의 values ( 11,'드론 점검을 받고 싶은데 가능할까요?','2015-05-24 23:04:01','seungggyu');
insert into 문의 values ( 12,'날개를 얼마나 자주 갈아야 하는지 알 수 있을까요?','2015-07-01 23:01:27','ahn0930');
insert into 문의 values ( 13,'신규부품 신청하면 언제 주문할수 있나요?','2015-07-24 13:31:12','junho0321');
insert into 문의 values ( 14,'기존에 없는 드론 부품을 주문할수 있나요??','2016-05-29 06:06:25','bigsilver1231');
insert into 문의 values ( 15,'혹시 6개월 무이자 할부 결제 가능한가요?','2017-01-28 07:12:33','seongeun1212');
insert into 문의 values ( 16,'다른 드론 쇼핑몰이랑 차이점이 뭔가요?','2017-03-17 19:45:37','jeongwoo12');
insert into 문의 values ( 17,'신규부품을 신청하면 가격책정은 어떻게 하는건가요??','2017-04-21 08:18:41','gong0412');
insert into 문의 values ( 18,'돈은 현금결제 , 계좌 이체 둘다 되는건가요?','2018-01-01 16:27:13','innovation08');
insert into 문의 values ( 19,'드론 조립은 어떻게 하나요???','2018-01-20 13:16:39','jiwon1203');
insert into 문의 values ( 20,'드론효율성 검사는 가능한가요?','2018-01-23 13:49:40','soohokim');

insert into 답변댓글 values ('주문하신 상품 배송완료되어 내일쯤이면 도착예정입니다.','2012-01-26 13:07:31',1,'255233');
insert into 답변댓글 values ('보통 배터리 수명기간은 2년입니다.','2012-01-27 09:25:49',2,'868687');
insert into 답변댓글 values ('생일이신분은 당일 50%할인해 드립니다.','2012-02-23 14:10:22',5,'156665');
insert into 답변댓글 values ('주문하실때 조립주문 버튼 누르시면 됩니다.','2012-09-28 18:45:29',6,'787864');
insert into 답변댓글 values ('드론 시험 테스트는 항상 해드리고 있습니다!','2014-01-25 22:57:53',7,'232134');
insert into 답변댓글 values ('모터 쪽에 문제가 있는 것으로 예상됩니다. 빠른 시일내에 방문해 주시기 바랍니다.','2014-02-26 10:20:57',8,'697543');
insert into 답변댓글 values ('신규부품신청으로 새로운 색상으로 주문 하시면 될꺼 같습니다. ','2015-01-05 16:33:21',9,'848455');
insert into 답변댓글 values ('다음날 아침에 발송해 드립니다.','2015-02-01 04:54:09',10,'231566');
insert into 답변댓글 values ('드론 부품을 본사에 보내주시면 점검해 드리고 있습니다.','2015-05-25 21:04:01',11,'564421');
insert into 답변댓글 values ('드론 부품업체에서 승인이 떨어지면 바로 주문 가능합니다.','2015-07-25 13:21:12',13,'665343');
insert into 답변댓글 values ('신규부품신청을 통해서 새로운 드론 부품 주문 가능합니다.','2016-05-29 08:06:25',14,'231566');
insert into 답변댓글 values ('네! 당연히 가능하십니다.','2017-01-29 08:12:33',15,'534123');
insert into 답변댓글 values ('다른 드론 쇼핑몰은 신규부품신청이 불가능한데 저희 사이트는 가능합니다 고객님','2017-03-18 12:45:37',16,'898690');
insert into 답변댓글 values ('네 모두 가능합니다. 계좌번호는 문자로 알려드리겠습니다!','2018-01-02 14:27:13',18,'534123');
insert into 답변댓글 values ('저희 홈페이지 배너에 있는 유튜브DRONE TV사이트를 통해서 알려드립니다.','2018-01-21 13:16:39',19,'323423');

insert into 부품업체 values ( 453660,'Helicraft','032-549-3320',323423);
insert into 부품업체 values ( 985369,'CYNDRONE','02-238-3390',323423);
insert into 부품업체 values ( 581029,'DND_creation','02-678-9230',323423);
insert into 부품업체 values ( 038126,'Tattu','02-123-4567',323423);
insert into 부품업체 values ( 324680,'HELSEL','02-699-8326',234123);
insert into 부품업체 values ( 904211,'Furling32','02-720-3312',234123);
insert into 부품업체 values ( 874047,'X-Cross','02-335-1233',234123);
insert into 부품업체 values ( 652170,'sunnsky','02-111-3456',255233);
insert into 부품업체 values ( 046931,'HQProp','02-374-8765',255233);
insert into 부품업체 values ( 264517,'ELO','02-882-3765',255233);
insert into 부품업체 values ( 137448,'DJI','02-986-3214',156665);
insert into 부품업체 values ( 940240,'MicaSense','02-554-1716',156665);
insert into 부품업체 values ( 026793,'OZMO','02-456-6789',156665);
insert into 부품업체 values ( 204787,'샤오미','02-221-2213',156665);
insert into 부품업체 values ( 111111,'FRM','02-111-1234',665343);
insert into 부품업체 values ( 222222,'MKBT','02-598-6653',665343);
insert into 부품업체 values ( 333333,'DRONE','02-291-2912',665343);

insert into 부품 values ( 33270527,'방제용 드론전용 리튬폴리머 배터리',165000,200,65,50,1380);
insert into 부품 values ( 28726092,'Tattu 스트라이커 리포 배터리 25C',520000,202,90,64,2500);
insert into 부품 values ( 19529859,'Tattu 스트라이커 리포 배터리 15C',328000,187,74,65,1931);
insert into 부품 values ( 68300511,'Lipo Battery Long Pack 고급배터리',218000,158,49,52,850);
insert into 부품 values ( 23127330,'스트라이커 고출력 리포 배터리',29000,151,34,30,230);
insert into 부품 values ( 30366591,'[Tattu] 1550mAh 4S 45C 14.8V ',32000,73,34,34,174);
insert into 부품 values ( 04204789,'리튬이온 배터리 보호회로 내장형 65mm',3800,18,18,65,45);
insert into 부품 values ( 57478026,'[Tattu] 1550mAh 4S 75C 14.8V - 일반용',39000,71,34,34,175);
insert into 부품 values ( 14171901,'[벌크] [Tattu] 4S1P 35C',158000,144,45,40,593);
insert into 부품 values ( 04772996,'[Helicraft Ace] Lipo 35C [XT-60]',87000,135,28,42,385);
insert into 부품 values ( 59541854,'BLUCORE LiFe Series (2S1P, 30C+)',56000,135,38,20,187);
insert into 부품 values ( 30657470,'EX-C55 ',158000,137,44,46,588);
insert into 부품 values ( 57494615,'PT-B1400N-SP55',22000,130,32,55,260);
insert into 부품 values ( 29403945,'Helicraft KT4500_35C-4S',110000,150,30,45,444);
insert into 부품 values ( 54070796,'[Helicraft]SLIM LINE battery',35000,200,50,50,1200);
insert into 부품 values ( 14672103,'FX-C35',32800,107,34,17,119);
insert into 부품 values ( 02053720,'EX-C40',17900,64,31,16,64);
insert into 부품 values ( 61906824,'EX-C70',59800,101,35,26,195);
insert into 부품 values ( 80699436,'ZX-C45',22800,54,31,21,66);
insert into 부품 values ( 32776106,'PT-B1800N-SP65',19800,30,17,100,107);
insert into 부품 values ( 82980002,'배터리 에듀텍 피크원 DRONE 2S LIPO HV',11500,52,10,24,80);
insert into 부품 values ( 54115870,'CellMeter 8',20000,120,40,50,233);
insert into 부품 values ( 07065632,'PT-B 8000-NSR35 ',21800,59,51,40,160);
insert into 부품 values ( 82347639,'MLI-IL2800',32000,50,20,60,50);
insert into 부품 values ( 74649292,' HOUR Meter LE8N-BF',34000,40,40,40,96);
insert into 부품 values ( 56940403,'EX-C65',72000,101,35,29,192);
insert into 부품 values ( 56023763,'KT8300_35C-4S',196000,185,48,35,740);
insert into 부품 values ( 11259941,'KT5100_35C-4S',129000,150,35,45,505);
insert into 부품 values ( 97829386,'KT4500_35C-4S',110000,150,30,45,444);
insert into 부품 values ( 94483971,'KT6000_35C-6S',210000,150,55,45,864);
insert into 부품 values ( 87252553,'KUAT PRO 2207.5 ',32000,22,22,8,37);
insert into 부품 values ( 14915736,'Furling32 4in1 BLHELI32 ESC 45A',68000,30,30,20,42);
insert into 부품 values ( 14218803,'X-Cross 4in1 ESC 45A',74000,32,35,20,50);
insert into 부품 values ( 95874065,'X-Cross 4in1 ESC 60A',79000,42,45,30,60);
insert into 부품 values ( 41477791,'F45A V2.0 4in1 ESC',79000,45,41,10,20);
insert into 부품 values ( 49437731,'F55A Pro 4in1 ESC',85000,22,22,10,32);
insert into 부품 values ( 64527807,'F45A 3-6S',35000,33,16,10,44);
insert into 부품 values ( 41372357,'F35A 3~5S 32bit ESC',23000,20,11,30,30);
insert into 부품 values ( 23972317,'LF40 레이싱모터',22000,29,29,30,30);
insert into 부품 values ( 58856249,'F40 Pro III  레이싱 모터',29000,28,28,33,33);
insert into 부품 values ( 16484422,'F80 Pro 레이싱 모터',33000,29,29,34,40);
insert into 부품 values ( 23598836,'Xnova 1806',122800,12,14,5,70);
insert into 부품 values ( 71351709,'EOLO 8112모터',290000,81,81,12,375);
insert into 부품 values ( 73814017,'EOLO 4112모터',104000,41,41,12,197);
insert into 부품 values ( 04777566,'Sunnysky X6212S 브러시리스 모터',78000,40,40,35,308);
insert into 부품 values ( 57861388,'BRUSHLESS CONTROL_BL T-120A',237000,87,36,28,170);
insert into 부품 values ( 11921020,'50A 3-6s ESC ',48000,50,50,30,90);
insert into 부품 values ( 43012749,'40A PRO 6-14S ESC',148000,30,55,10,70);
insert into 부품 values ( 02479101,'50A PRO 3-6S ESC',68000,33,45,10,55);
insert into 부품 values ( 74308457,'쿠아트 브러시리스 모터',32000,22,22,8,32);
insert into 부품 values ( 96440554,'EL309PP',155000,30,9,3,0);
insert into 부품 values ( 20167909,'EL226PP',75000,22,6,3,0);
insert into 부품 values ( 24321337,'EL176 프로펠러',57000,17,6,2,0);
insert into 부품 values ( 93862930,'EL155 프로펠러',45000,15,5,2,0);
insert into 부품 values ( 96450398,'EL289 카본파이버',368000,28,9,3,0);
insert into 부품 values ( 69884945,'EL247 카본파이버',250000,24,7,2,0);
insert into 부품 values ( 58710225,'EL155 카본파이버',87000,15,5,2,0);
insert into 부품 values ( 64018378,'HQD-554',3300,5,4,1,0);
insert into 부품 values ( 75257235,'HQD-543',3800,5,3,1,0);
insert into 부품 values ( 80039737,'HQD-524',3500,5,2,1,0);
insert into 부품 values ( 88699107,'HQD-633',4000,6,3,1,0);
insert into 부품 values ( 98734634,'HQD-724',4700,7,2,1,0);
insert into 부품 values ( 52827302,'SSK-095',167000,32,10,3,0);
insert into 부품 values ( 04453007,'SSK-573',86000,25,7,3,0);
insert into 부품 values ( 31034148,'SSK-262',63000,20,6,2,0);
insert into 부품 values ( 87787991,'SSK-352',33000,13,5,2,0);
insert into 부품 values ( 92210883,'SSK-660',430000,40,10,3,0);
insert into 부품 values ( 77024631,'EHX-326',82000,24,5,2,0);
insert into 부품 values ( 90133407,'EHX-326',51000,18,5,2,0);
insert into 부품 values ( 43824992,'EHX-326',40000,15,5,2,0);
insert into 부품 values ( 09050258,'OSMO ACTION',459000,65,42,35,124);
insert into 부품 values ( 50109130,'로닌S 스탠다드',779000,72,66,50,200);
insert into 부품 values ( 49810345,'로닌2 프로페셔널 | Ronin2',9490000,245,180,165,780);
insert into 부품 values ( 62130976,'RONIN-M | 로닌 M | 핸드헬드 짐벌',1150000,500,210,420,230);
insert into 부품 values ( 64959962,'ZENMUSE Z30 ',11000000,152,137,61,549);
insert into 부품 values ( 51486552,'젠뮤즈 X7',3590000,151,108,132,449);
insert into 부품 values ( 30595955,'샤오이 Yi 액션캠',195000,80,40,60,72);
insert into 부품 values ( 16297461,'오즈모 포켓 ND-PL',99000,60,30,40,55);
insert into 부품 values ( 47769725,'오즈모 포켓 GND',73000,50,20,30,45);
insert into 부품 values ( 80982771,'MicaSense RedEdge-MX Dual',650000,87,123,76,508);
insert into 부품 values ( 16264078,'MicaSense Altum',360000,82,67,64,406);
insert into 부품 values ( 19773900,'ZENMUSE XT2',3520000,123,112,127,396);
insert into 부품 values ( 81620951,'U10 레이저',5000000,155,90,100,534);
insert into 부품 values ( 62849085,'윙스랜드 Z15 스포트라이트 ',904000,100,110,150,500);
insert into 부품 values ( 47907050,'플리어 뷰 프로',127000,57,44,66,113);
insert into 부품 values ( 28036913,'젠뮤즈 Z3',1200000,105,115,85,262);
insert into 부품 values ( 13157391,'Zenmuse X5 Gimbal and Camera',1800000,130,135,95,302);
insert into 부품 values ( 70524853,'오스모 짐벌',450000,70,40,30,65);
insert into 부품 values ( 01634920,'ZENMUSE Z10',300000,100,80,110,207);
insert into 부품 values ( 72125715,'샤오미 XT',330000,90,65,47,137);
insert into 부품 values ( 09882762, 'F450 assembly classroom set',310300,30,30,20,400);
insert into 부품 values ( 24369044, 'F450/550 쿼드, 헥사용 랜딩 스키드 세트',4800,25,17,9,200);
insert into 부품 values ( 39655299, '드론프레임/RM 450 V2 화이트/레드 쿼드콥터 프레임 450mm',30000,45,45,30,400);
insert into 부품 values ( 47422603, 'DJI NAZA F550 - 보급형 헥사콥터',490000,43,40,30,500);
insert into 부품 values ( 15125947, 'DJI NAZA F450 - 보급형 쿼드콥터',310000,50,40,35,342);
insert into 부품 values ( 99839981, 'TAROT X6 Hex-Copter FPV Kit TL6X001',609000,43,35,40,333);
insert into 부품 values ( 64967951, 'Octo Rotor-X Folding Frame Kit(X8/960mm)',610000,43,35,33,222);
insert into 부품 values ( 50162632, 'Tarot X8 Oct-Copter FPV Kit TL8X000',798000,35,40,35,333);
insert into 부품 values ( 86809036, '[TR] X4 Folding QuadCopter Frame Kit(960mm)',548000,40,30,35,300);

insert into 프레임 values ( 09882762, 64, 'Black');
insert into 프레임 values ( 24369044, 72, 'Yello');
insert into 프레임 values ( 39655299, 91, 'Black');
insert into 프레임 values ( 47422603, 13, 'Gray');
insert into 프레임 values ( 15125947, 44, 'Blue');
insert into 프레임 values ( 99839981, 56, 'Green');
insert into 프레임 values ( 64967951, 125, 'Red');
insert into 프레임 values ( 50162632, 160, 'Black');
insert into 프레임 values ( 86809036, 100, 'Gray');

insert into 프로펠러 values ( 96440554,'APC','Black');
insert into 프로펠러 values ( 20167909,'APC','Black');
insert into 프로펠러 values ( 24321337,'APC','Black');
insert into 프로펠러 values ( 93862930,'APC','Black');
insert into 프로펠러 values ( 96450398,'카본','Gray');
insert into 프로펠러 values ( 69884945,'카본','Gray');
insert into 프로펠러 values ( 58710225,'카본','Gray');
insert into 프로펠러 values ( 64018378,'플라스틱','Blue');
insert into 프로펠러 values ( 75257235,'플라스틱','Red');
insert into 프로펠러 values ( 80039737,'플라스틱','Yellow');
insert into 프로펠러 values ( 88699107,'플라스틱','Green');
insert into 프로펠러 values ( 98734634,'플라스틱','Orange');
insert into 프로펠러 values ( 52827302,'나무','Brown');
insert into 프로펠러 values ( 04453007,'나무','Brown');
insert into 프로펠러 values ( 31034148,'나무','Brown');
insert into 프로펠러 values ( 87787991,'나무','Brown');
insert into 프로펠러 values ( 92210883,'나무','Brown');
insert into 프로펠러 values ( 77024631,'APC','Black');
insert into 프로펠러 values ( 90133407,'APC','Black');
insert into 프로펠러 values ( 43824992,'APC','Black');

insert into 모터 values ( 87252553,2500,1000);
insert into 모터 values ( 14915736,2450,1000);
insert into 모터 values ( 14218803,2200,825);
insert into 모터 values ( 95874065,2400,950);
insert into 모터 values ( 41477791,2400,950);
insert into 모터 values ( 49437731,2450,1000);
insert into 모터 values ( 64527807,2300,825);
insert into 모터 values ( 41372357,2300,1000);
insert into 모터 values ( 23972317,2200,750);
insert into 모터 values ( 58856249,2250,1000);
insert into 모터 values ( 16484422,2550,1150);
insert into 모터 values ( 23598836,2500,1000);
insert into 모터 values ( 71351709,2500,1000);
insert into 모터 values ( 73814017,2400,825);
insert into 모터 values ( 04777566,2350,1000);
insert into 모터 values ( 57861388,2350,825);
insert into 모터 values ( 11921020,2600,1100);
insert into 모터 values ( 43012749,2600,1100);
insert into 모터 values ( 02479101,2700,1200);
insert into 모터 values ( 74308457,2500,1000);

insert into 배터리 values ( 33270527,10000,22.2);
insert into 배터리 values ( 28726092,22000,22.2);
insert into 배터리 values ( 19529859,5500,22.2);
insert into 배터리 values ( 68300511,6000,14.6);
insert into 배터리 values ( 23127330,2300,14.8);
insert into 배터리 values ( 30366591,1550,14.8);
insert into 배터리 values ( 04204789,2300,11.1);
insert into 배터리 values ( 57478026,1550,14.8);
insert into 배터리 values ( 14171901,6000,14.8);
insert into 배터리 values ( 04772996,2200,11.1);
insert into 배터리 values ( 59541854,4500,11.1);
insert into 배터리 values ( 30657470,1400,11.1);
insert into 배터리 values ( 57494615,3000,6.6);
insert into 배터리 values ( 29403945,3850,22.2);
insert into 배터리 values ( 54070796,3850,22.2);
insert into 배터리 values ( 14672103,2450,7.4);
insert into 배터리 values ( 02053720,2450,18.5);
insert into 배터리 values ( 61906824,6300,14.8);
insert into 배터리 values ( 80699436,1000,7.4);
insert into 배터리 values ( 32776106,2250,7.4);
insert into 배터리 values ( 82980002,1500,14.8);
insert into 배터리 values ( 54115870,2950,12.6);
insert into 배터리 values ( 07065632,1800,11.1);
insert into 배터리 values ( 82347639,2300,12.2);
insert into 배터리 values ( 74649292,1300,22.2);
insert into 배터리 values ( 56940403,6500,22.2);
insert into 배터리 values ( 56023763,10000,22.2);
insert into 배터리 values ( 11259941,2500,11.1);
insert into 배터리 values ( 97829386,5800,22.2);
insert into 배터리 values ( 94483971,30000,22.2);

insert into 카메라 values ( 09050258,'FOV: 145f/2.8',1500);
insert into 카메라 values ( 50109130,'RONIN-S',1600);
insert into 카메라 values ( 49810345,'RONIN-P',2800);
insert into 카메라 values ( 62130976,'RONIN-M',2000);
insert into 카메라 values ( 64959962,'30x F4.7',3000);
insert into 카메라 values ( 51486552,'F2.8 LS ASPH',2400);
insert into 카메라 values ( 30595955,'F2.8 DFOV155',1600);
insert into 카메라 values ( 16297461,'OZ.2 PS 3244',1200);
insert into 카메라 values ( 47769725,'OZ.2 GN 99',1000);
insert into 카메라 values ( 80982771,'MR-MX Dual',1600);
insert into 카메라 values ( 16264078,'MS Altum',2600);
insert into 카메라 values ( 19773900,'20x F4.7',2600);
insert into 카메라 values ( 81620951,'U10 레이저',2600);
insert into 카메라 values ( 62849085,'WEZ.7 SIRU',1800);
insert into 카메라 values ( 47907050,'FVP',1800);
insert into 카메라 values ( 28036913,'20x F1.4',1800);
insert into 카메라 values ( 13157391,'15x F1.7',2000);
insert into 카메라 values ( 70524853,'OZ.2 GN 21',1600);
insert into 카메라 values ( 01634920,'10x G1.7',1600);
insert into 카메라 values ( 72125715,'F2.8 DFOV155',1800);

insert into 공급 values ( 33270527,453660);
insert into 공급 values ( 28726092,038126);
insert into 공급 values ( 19529859,038126);
insert into 공급 values ( 68300511,453660);
insert into 공급 values ( 23127330,985369);
insert into 공급 values ( 30366591,038126);
insert into 공급 values ( 04204789,453660);
insert into 공급 values ( 57478026,038126);
insert into 공급 values ( 14171901,038126);
insert into 공급 values ( 04772996,453660);
insert into 공급 values ( 59541854,985369);
insert into 공급 values ( 30657470,581029);
insert into 공급 values ( 57494615,985369);
insert into 공급 values ( 29403945,453660);
insert into 공급 values ( 54070796,453660);
insert into 공급 values ( 14672103,581029);
insert into 공급 values ( 02053720,581029);
insert into 공급 values ( 61906824,581029);
insert into 공급 values ( 80699436,581029);
insert into 공급 values ( 32776106,985369);
insert into 공급 values ( 82980002,985369);
insert into 공급 values ( 54115870,985369);
insert into 공급 values ( 07065632,453660);
insert into 공급 values ( 82347639,985369);
insert into 공급 values ( 74649292,985369);
insert into 공급 values ( 56940403,581029);
insert into 공급 values ( 56023763,038126);
insert into 공급 values ( 11259941,038126);
insert into 공급 values ( 97829386,038126);
insert into 공급 values ( 94483971,038126);
insert into 공급 values ( 87252553,324680);
insert into 공급 values ( 14915736,324680);
insert into 공급 values ( 14218803,874047);
insert into 공급 values ( 95874065,874047);
insert into 공급 values ( 41477791,324680);
insert into 공급 values ( 49437731,324680);
insert into 공급 values ( 64527807,904211);
insert into 공급 values ( 41372357,904211);
insert into 공급 values ( 23972317,874047);
insert into 공급 values ( 58856249,874047);
insert into 공급 values ( 16484422,904211);
insert into 공급 values ( 23598836,904211);
insert into 공급 values ( 71351709,874047);
insert into 공급 values ( 73814017,874047);
insert into 공급 values ( 04777566,324680);
insert into 공급 values ( 57861388,874047);
insert into 공급 values ( 11921020,904211);
insert into 공급 values ( 43012749,904211);
insert into 공급 values ( 02479101,904211);
insert into 공급 values ( 74308457,324680);
insert into 공급 values ( 96440554,264517);
insert into 공급 values ( 20167909,264517);
insert into 공급 values ( 24321337,264517);
insert into 공급 values ( 93862930,264517);
insert into 공급 values ( 96450398,264517);
insert into 공급 values ( 69884945,264517);
insert into 공급 values ( 58710225,264517);
insert into 공급 values ( 64018378,046931);
insert into 공급 values ( 75257235,046931);
insert into 공급 values ( 80039737,046931);
insert into 공급 values ( 88699107,046931);
insert into 공급 values ( 98734634,046931);
insert into 공급 values ( 52827302,652170);
insert into 공급 values ( 04453007,652170);
insert into 공급 values ( 31034148,652170);
insert into 공급 values ( 87787991,652170);
insert into 공급 values ( 92210883,652170);
insert into 공급 values ( 77024631,652170);
insert into 공급 values ( 90133407,652170);
insert into 공급 values ( 43824992,652170);
insert into 공급 values ( 09050258,026793);
insert into 공급 values ( 50109130,137448);
insert into 공급 values ( 49810345,137448);
insert into 공급 values ( 62130976,137448);
insert into 공급 values ( 64959962,137448);
insert into 공급 values ( 51486552,137448);
insert into 공급 values ( 30595955,204787);
insert into 공급 values ( 16297461,026793);
insert into 공급 values ( 47769725,026793);
insert into 공급 values ( 80982771,940240);
insert into 공급 values ( 16264078,940240);
insert into 공급 values ( 19773900,137448);
insert into 공급 values ( 81620951,026793);
insert into 공급 values ( 62849085,940240);
insert into 공급 values ( 47907050,204787);
insert into 공급 values ( 28036913,137448);
insert into 공급 values ( 13157391,137448);
insert into 공급 values ( 70524853,026793);
insert into 공급 values ( 01634920,137448);
insert into 공급 values ( 72125715,204787);
insert into 공급 values ( 09882762, 111111);
insert into 공급 values ( 24369044, 222222);
insert into 공급 values ( 39655299, 111111);
insert into 공급 values ( 47422603, 333333);
insert into 공급 values ( 15125947, 111111);
insert into 공급 values ( 99839981, 333333);
insert into 공급 values ( 64967951, 222222);
insert into 공급 values ( 50162632, 333333);
insert into 공급 values ( 86809036, 222222);

insert into 신규부품 values (1,'배터리','크기 200X80X55 용량 2000 전압 20v 배터리를 만들어주세요','2012-01-23 14:07:31','kimjinho0221','1',444632);
insert into 신규부품 values (2,'모터','쿠아트 브러시리스 모터보다 크기가 작고 파워가 100더큰 모터 부탁드립니다.','2012-02-20 05:00:17','simddong309','1', 868687);
insert into 신규부품 values (3,'프로펠러','티타늄 프로펠러 제작 가능한가요? ','2012-09-28 18:39:29','bigsilver1231','0',231566);
insert into 신규부품 values (4,'카메라','5000만화소 카메라 제작해주세요','2014-01-24 21:57:53', 'innovation08','1',534123);
insert into 신규부품 values (5,'배터리','크기 20X30X20 용량 20000 배터리를 만들어주세요','2015-05-24 23:04:01','yoon1208','0',222556);
insert into 신규부품 values (6,'카메라','40,30,30 크기 카메라 만들어주세요','2018-01-20 13:16:39', 'jaeseong0812','1',898690);

insert into 주문내역 values (1,'1','2012-01-02 14:07:31', 'kimjinho0221' );
insert into 주문내역 values (2,'1','2012-02-22 03:54:09', 'seungggyu' );
insert into 주문내역 values (3,'0','2012-02-24 05:03:24', 'gong0412' );
insert into 주문내역 values (4,'1','2012-02-25 08:43:28', 'young0907' );
insert into 주문내역 values (5,'0','2012-03-03 09:24:39', 'gong0412' );
insert into 주문내역 values (6,'0','2012-03-05 06:15:49', '100dh' );
insert into 주문내역 values (7,'0','2012-03-10 16:34:01', 'jaehyunyoon' );
insert into 주문내역 values (8,'0','2012-04-10 18:14:01', 'kimjinho0221' );
insert into 주문내역 values (9,'0','2012-05-20 14:03:25', 'gong0412' );
insert into 주문내역 values (10,'0','2012-08-09 13:24:55', 'myeongjae' );
insert into 주문내역 values (11,'1','2012-12-08 17:36:45', 'waitingpark' );
insert into 주문내역 values (12,'1','2012-12-09 15:15:35', 'konok0510' );
insert into 주문내역 values (13,'1','2013-01-09 14:16:25', 'woongnine' );
insert into 주문내역 values (14,'1','2013-02-13 04:50:14', 'sonny888' );
insert into 주문내역 values (15,'1','2013-05-19 09:51:36', 'yang890212' );
insert into 주문내역 values (16,'1','2013-07-29 08:03:47', 'gong0412' );
insert into 주문내역 values (17,'1','2013-10-13 10:24:53', 'jenny9103' );
insert into 주문내역 values (18,'1','2013-11-16 10:14:52', 'jjoosseong0901' );
insert into 주문내역 values (19,'0','2014-01-05 19:54:24', 'sehyun100' );
insert into 주문내역 values (20,'1','2014-01-13 15:14:25', 'zyon0615' );
insert into 주문내역 values (21,'1','2014-03-24 14:05:36', 'jaehyunyoon' );
insert into 주문내역 values (22,'0','2014-04-14 14:36:24', 'hyojeong0211' );
insert into 주문내역 values (23,'1','2014-10-09 13:26:36', 'minsooo30' );
insert into 주문내역 values (24,'1','2015-04-03 03:29:34', 'seeun8090' );
insert into 주문내역 values (25,'1','2015-06-07 23:19:25', 'skychoi02' );
insert into 주문내역 values (26,'1','2015-07-08 21:20:36', 'sorim0910' );
insert into 주문내역 values (27,'1','2015-07-26 14:41:14', 'skychoi02' );
insert into 주문내역 values (28,'0','2015-07-28 23:42:35', 'jjoosseong0901' );
insert into 주문내역 values (29,'0','2016-10-15 23:43:13', 'jaehyunyoon' );
insert into 주문내역 values (30,'1','2016-12-14 22:26:24', 'kihyeon0506' );
insert into 주문내역 values (31,'0','2017-01-14 21:36:35', 'sangmoney' );
insert into 주문내역 values (32,'1','2017-01-26 20:35:24', 'gong0412' );
insert into 주문내역 values (33,'0','2017-03-04 20:26:36', 'chanchanchan' );
insert into 주문내역 values (34,'1','2017-10-06 03:46:26', 'bobbyyou' );
insert into 주문내역 values (35,'0','2018-04-03 08:26:05', 'hyojeong0211' );
insert into 주문내역 values (36,'1','2018-05-28 09:03:05', 'jjoosseong0901' );
insert into 주문내역 values (37,'1','2018-07-24 08:46:04', 'kyungmin1213' );
insert into 주문내역 values (38,'1','2018-08-03 15:25:24', 'ujinkimm' );
insert into 주문내역 values (39,'0','2018-08-13 16:36:56', 'jinseong' );
insert into 주문내역 values (40,'0','2018-09-24 13:27:07', 'seeun8090' );

insert into 포함 values (1, 33270527, 1);
insert into 포함 values (1, 16484422, 1);
insert into 포함 values (1, 96450398, 1);
insert into 포함 values (1, 16264078, 1);
insert into 포함 values (1, 50162632, 1);
insert into 포함 values (2, 19529859, 3);
insert into 포함 values (2, 71351709, 1);
insert into 포함 values (2, 04453007, 1);
insert into 포함 values (2, 47907050, 2);
insert into 포함 values (2, 47422603, 1);
insert into 포함 values (3, 30657470, 1);
insert into 포함 values (3, 14218803, 1);
insert into 포함 values (3, 80039737, 1);
insert into 포함 values (3, 16264078, 2);
insert into 포함 values (3, 39655299, 1);
insert into 포함 values (4, 04772996, 1);
insert into 포함 values (4, 23972317, 2);
insert into 포함 values (4, 69884945, 1);
insert into 포함 values (4, 16297461, 2);
insert into 포함 values (4, 99839981, 1);
insert into 포함 values (5, 11259941, 2);
insert into 포함 values (5, 16484422, 1);
insert into 포함 values (5, 96450398, 1);
insert into 포함 values (5, 70524853, 1);
insert into 포함 values (5, 64967951, 1);
insert into 포함 values (6, 02053720, 2);
insert into 포함 values (6, 87252553, 1);
insert into 포함 values (6, 98734634, 1);
insert into 포함 values (6, 16297461, 2);
insert into 포함 values (6, 39655299, 1);
insert into 포함 values (7, 23127330, 2);
insert into 포함 values (7, 74308457, 1);
insert into 포함 values (7, 88699107, 1);
insert into 포함 values (7, 19773900, 1);
insert into 포함 values (7, 09882762, 1);
insert into 포함 values (8, 04204789, 3);
insert into 포함 values (8, 64527807, 1);
insert into 포함 values (8, 93862930, 1);
insert into 포함 values (8, 13157391, 2);
insert into 포함 values (8, 15125947, 2);
insert into 포함 values (9, 14171901, 2);
insert into 포함 values (9, 41477791, 1);
insert into 포함 values (9, 64018378, 1);
insert into 포함 values (9, 62849085, 1);
insert into 포함 values (9, 39655299, 2);
insert into 포함 values (10, 14672103, 2);
insert into 포함 values (10, 14915736, 2);
insert into 포함 values (10, 96440554, 2);
insert into 포함 values (10, 62130976, 2);
insert into 포함 values (10, 09882762, 1);
insert into 포함 values (11, 33270527, 3);
insert into 포함 values (11, 64527807, 1);
insert into 포함 values (11, 96450398, 1);
insert into 포함 values (11, 62130976, 1);
insert into 포함 values (11, 15125947, 1);
insert into 포함 values (12, 28726092, 1);
insert into 포함 values (12, 87252553, 1);
insert into 포함 values (12, 88699107, 1);
insert into 포함 values (12, 47769725, 2);
insert into 포함 values (12, 99839981, 1);
insert into 포함 values (13, 28726092, 1);
insert into 포함 values (13, 23972317, 1);
insert into 포함 values (13, 92210883, 1);
insert into 포함 values (13, 62130976, 2);
insert into 포함 values (13, 15125947, 1);
insert into 포함 values (14, 29403945, 1);
insert into 포함 values (14, 71351709, 2);
insert into 포함 values (14, 69884945, 1);
insert into 포함 values (14, 47907050, 2);
insert into 포함 values (14, 15125947, 1);
insert into 포함 values (15, 54115870, 1);
insert into 포함 values (15, 02479101, 1);
insert into 포함 values (15, 98734634, 1);
insert into 포함 values (15, 70524853, 2);
insert into 포함 values (15, 39655299, 1);
insert into 포함 values (16, 54115870, 1);
insert into 포함 values (16, 04777566, 2);
insert into 포함 values (16, 98734634, 2);
insert into 포함 values (16, 70524853, 2);
insert into 포함 values (16, 09882762, 1);
insert into 포함 values (17, 56940403, 2);
insert into 포함 values (17, 04777566, 2);
insert into 포함 values (17, 75257235, 2);
insert into 포함 values (17, 16264078, 3);
insert into 포함 values (17, 15125947, 2);
insert into 포함 values (18, 61906824, 1);
insert into 포함 values (18, 04777566, 1);
insert into 포함 values (18, 52827302, 1);
insert into 포함 values (18, 51486552, 3);
insert into 포함 values (18, 86809036, 1);
insert into 포함 values (19, 30657470, 1);
insert into 포함 values (19, 23972317, 1);
insert into 포함 values (19, 31034148, 1);
insert into 포함 values (19, 19773900, 1);
insert into 포함 values (19, 15125947, 1);
insert into 포함 values (20, 02053720, 1);
insert into 포함 values (20, 57861388, 1);
insert into 포함 values (20, 75257235, 1);
insert into 포함 values (20, 47769725, 1);
insert into 포함 values (20, 15125947, 1);
insert into 포함 values (21, 04204789, 1);
insert into 포함 values (21, 57861388, 1);
insert into 포함 values (21, 58710225, 1);
insert into 포함 values (21, 47769725, 2);
insert into 포함 values (21, 47422603, 2);
insert into 포함 values (22, 04204789, 1);
insert into 포함 values (22, 58856249, 1);
insert into 포함 values (22, 88699107, 3);
insert into 포함 values (22, 51486552, 1);
insert into 포함 values (22, 47422603, 1);
insert into 포함 values (23, 04204789, 1);
insert into 포함 values (23, 49437731, 2);
insert into 포함 values (23, 88699107, 2);
insert into 포함 values (23, 64959962, 2);
insert into 포함 values (23, 47422603, 1);
insert into 포함 values (24,  59541854, 2);
insert into 포함 values (24, 95874065, 2);
insert into 포함 values (24, 64018378, 1);
insert into 포함 values (24, 19773900, 1);
insert into 포함 values (24, 47422603, 1);
insert into 포함 values (25,  59541854, 1);
insert into 포함 values (25, 02479101, 1);
insert into 포함 values (25, 93862930, 1);
insert into 포함 values (25, 30595955, 1);
insert into 포함 values (25, 47422603, 1);
insert into 포함 values (26,  04204789, 1);
insert into 포함 values (26, 58856249, 1);
insert into 포함 values (26, 24321337, 1);
insert into 포함 values (26, 81620951, 1);
insert into 포함 values (26, 47422603, 1);
insert into 포함 values (27,  04204789, 3);
insert into 포함 values (27, 41477791, 1);
insert into 포함 values (27, 88699107, 3);
insert into 포함 values (27, 39655299, 3);
insert into 포함 values (27, 39655299, 1);
insert into 포함 values (28, 23127330, 1);
insert into 포함 values (28, 41372357, 1);
insert into 포함 values (28, 58710225, 1);
insert into 포함 values (28, 80982771, 1);
insert into 포함 values (28, 15125947, 1);
insert into 포함 values (29, 82980002, 1);
insert into 포함 values (29, 14915736, 1);
insert into 포함 values (29, 96450398, 1);
insert into 포함 values (29, 30595955, 1);
insert into 포함 values (29, 15125947, 1);
insert into 포함 values (30, 57478026, 1);
insert into 포함 values (30, 14915736, 1);
insert into 포함 values (30, 98734634, 2);
insert into 포함 values (30, 64959962, 1);
insert into 포함 values (30, 15125947, 1);
insert into 포함 values (31, 61906824, 1);
insert into 포함 values (31, 41372357, 1);
insert into 포함 values (31, 80039737, 1);
insert into 포함 values (31, 47769725, 1);
insert into 포함 values (31, 15125947, 1);
insert into 포함 values (32, 57494615, 1);
insert into 포함 values (32, 11921020, 2);
insert into 포함 values (32, 69884945, 1);
insert into 포함 values (32, 81620951, 1);
insert into 포함 values (32, 15125947, 1);
insert into 포함 values (33, 56023763, 1);
insert into 포함 values (33, 64527807, 2);
insert into 포함 values (33, 75257235, 1);
insert into 포함 values (33, 70524853, 1);
insert into 포함 values (33, 09882762, 1);
insert into 포함 values (34, 54115870, 1);
insert into 포함 values (34, 16484422, 2);
insert into 포함 values (34, 88699107, 1);
insert into 포함 values (34, 28036913, 1);
insert into 포함 values (34, 09882762, 1);
insert into 포함 values (35, 94483971, 1);
insert into 포함 values (35, 49437731, 1);
insert into 포함 values (35, 04453007, 1);
insert into 포함 values (35, 81620951, 1);
insert into 포함 values (35, 09882762, 1);
insert into 포함 values (36, 94483971, 1);
insert into 포함 values (36, 49437731, 1);
insert into 포함 values (36, 80039737, 1);
insert into 포함 values (36, 64959962, 1);
insert into 포함 values (36, 50162632, 1);
insert into 포함 values (37, 14672103, 1);
insert into 포함 values (37, 49437731, 1);
insert into 포함 values (37, 69884945, 1);
insert into 포함 values (37, 28036913, 1);
insert into 포함 values (37, 50162632, 1);
insert into 포함 values (38,56023763, 1);
insert into 포함 values (38, 95874065, 1);
insert into 포함 values (38, 88699107, 1);
insert into 포함 values (38, 28036913, 1);
insert into 포함 values (38, 50162632, 1);
insert into 포함 values (39, 80699436, 3);
insert into 포함 values (39, 57861388, 1);
insert into 포함 values (39, 88699107, 1);
insert into 포함 values (39, 30595955, 1);
insert into 포함 values (39, 15125947, 1);
insert into 포함 values (40, 30657470, 1);
insert into 포함 values (40, 64527807, 1);
insert into 포함 values (40, 58710225, 1);
insert into 포함 values (40, 16264078, 1);
insert into 포함 values (40, 15125947, 1);